mean_fit_time,std_fit_time,mean_score_time,std_score_time,param_classifier,param_classifier__C,param_classifier__max_iter,param_classifier__penalty,param_classifier__solver,params,split0_test_score,split1_test_score,split2_test_score,split3_test_score,split4_test_score,split5_test_score,split6_test_score,split7_test_score,split8_test_score,split9_test_score,mean_test_score,std_test_score,rank_test_score
0.03176760673522949,0.003586191851307311,0.0,0.0,"LogisticRegression(C=0.01, max_iter=100000, random_state=42, solver='saga')",0.001,100000,l1,lbfgs,"{'classifier': LogisticRegression(C=0.01, max_iter=100000, random_state=42, solver='saga'), 'classifier__C': 0.001, 'classifier__max_iter': 100000, 'classifier__penalty': 'l1', 'classifier__solver': 'lbfgs'}",,,,,,,,,,,,,132
0.3825975894927979,0.031485764921897225,0.003007960319519043,0.0016103129996497165,"LogisticRegression(C=0.01, max_iter=100000, random_state=42, solver='saga')",0.001,100000,l1,liblinear,"{'classifier': LogisticRegression(C=0.01, max_iter=100000, random_state=42, solver='saga'), 'classifier__C': 0.001, 'classifier__max_iter': 100000, 'classifier__penalty': 'l1', 'classifier__solver': 'liblinear'}",0.6252489048187972,0.6363998407009159,0.6270410195141378,0.6253734315873332,0.6379207329217288,0.6283608842859988,0.6504680342561243,0.6261700856403107,0.6355307707627963,0.6249751045608445,0.6317488809048988,0.007861158331151192,77
0.03434555530548096,0.00546516047792991,0.0,0.0,"LogisticRegression(C=0.01, max_iter=100000, random_state=42, solver='saga')",0.001,100000,l1,newton-cg,"{'classifier': LogisticRegression(C=0.01, max_iter=100000, random_state=42, solver='saga'), 'classifier__C': 0.001, 'classifier__max_iter': 100000, 'classifier__penalty': 'l1', 'classifier__solver': 'newton-cg'}",,,,,,,,,,,,,93
0.03827602863311767,0.0040227399248329646,0.0,0.0,"LogisticRegression(C=0.01, max_iter=100000, random_state=42, solver='saga')",0.001,100000,l1,newton-cholesky,"{'classifier': LogisticRegression(C=0.01, max_iter=100000, random_state=42, solver='saga'), 'classifier__C': 0.001, 'classifier__max_iter': 100000, 'classifier__penalty': 'l1', 'classifier__solver': 'newton-cholesky'}",,,,,,,,,,,,,88
0.05561177730560303,0.010282346617593975,0.0,0.0,"LogisticRegression(C=0.01, max_iter=100000, random_state=42, solver='saga')",0.001,100000,l1,sag,"{'classifier': LogisticRegression(C=0.01, max_iter=100000, random_state=42, solver='saga'), 'classifier__C': 0.001, 'classifier__max_iter': 100000, 'classifier__penalty': 'l1', 'classifier__solver': 'sag'}",,,,,,,,,,,,,87
1.3371293544769287,0.04670235211425321,0.0043229818344116214,0.0020150449651506522,"LogisticRegression(C=0.01, max_iter=100000, random_state=42, solver='saga')",0.001,100000,l1,saga,"{'classifier': LogisticRegression(C=0.01, max_iter=100000, random_state=42, solver='saga'), 'classifier__C': 0.001, 'classifier__max_iter': 100000, 'classifier__penalty': 'l1', 'classifier__solver': 'saga'}",0.6350059737156512,0.643568299482278,0.6256471525288729,0.6239792869946226,0.6315475004979088,0.6253734315873332,0.6427006572395937,0.6331408086038638,0.6331408086038638,0.6291575383389763,0.6323261457592964,0.006448185290110154,76
0.48943414688110354,0.020253892257926495,0.0024778127670288088,0.0005425772232805644,"LogisticRegression(C=0.01, max_iter=100000, random_state=42, solver='saga')",0.001,100000,l2,lbfgs,"{'classifier': LogisticRegression(C=0.01, max_iter=100000, random_state=42, solver='saga'), 'classifier__C': 0.001, 'classifier__max_iter': 100000, 'classifier__penalty': 'l2', 'classifier__solver': 'lbfgs'}",0.7206292313819196,0.7172441258462764,0.7168458781362007,0.706831308504282,0.7187811192989444,0.7114120693089027,0.7247560246962756,0.7088229436367257,0.726548496315475,0.72814180442143,0.7180013001546433,0.00695242440458328,75
0.3646901845932007,0.02565349216435965,0.003014969825744629,0.0008628826957278791,"LogisticRegression(C=0.01, max_iter=100000, random_state=42, solver='saga')",0.001,100000,l2,liblinear,"{'classifier': LogisticRegression(C=0.01, max_iter=100000, random_state=42, solver='saga'), 'classifier__C': 0.001, 'classifier__max_iter': 100000, 'classifier__penalty': 'l2', 'classifier__solver': 'liblinear'}",0.7222222222222222,0.7220230983671844,0.7200318598168061,0.7122087233618801,0.7235610436168094,0.7159928301135232,0.7289384584744075,0.7128062139016133,0.7275443138816968,0.7315275841465844,0.7216856347902727,0.006257071739369828,71
2.0892513751983643,0.07357408751102704,0.0034881591796875,0.0006517547592578695,"LogisticRegression(C=0.01, max_iter=100000, random_state=42, solver='saga')",0.001,100000,l2,newton-cg,"{'classifier': LogisticRegression(C=0.01, max_iter=100000, random_state=42, solver='saga'), 'classifier__C': 0.001, 'classifier__max_iter': 100000, 'classifier__penalty': 'l2', 'classifier__solver': 'newton-cg'}",0.7206292313819196,0.7172441258462764,0.7168458781362007,0.706831308504282,0.7187811192989444,0.7114120693089027,0.7247560246962756,0.7090221071499702,0.726548496315475,0.72814180442143,0.7180212165059677,0.006926339314884318,72
0.04478490352630615,0.005833879632637917,0.0,0.0,"LogisticRegression(C=0.01, max_iter=100000, random_state=42, solver='saga')",0.001,100000,l2,newton-cholesky,"{'classifier': LogisticRegression(C=0.01, max_iter=100000, random_state=42, solver='saga'), 'classifier__C': 0.001, 'classifier__max_iter': 100000, 'classifier__penalty': 'l2', 'classifier__solver': 'newton-cholesky'}",,,,,,,,,,,,,114
1.181518030166626,0.13469873884826694,0.003355526924133301,0.001006176495604546,"LogisticRegression(C=0.01, max_iter=100000, random_state=42, solver='saga')",0.001,100000,l2,sag,"{'classifier': LogisticRegression(C=0.01, max_iter=100000, random_state=42, solver='saga'), 'classifier__C': 0.001, 'classifier__max_iter': 100000, 'classifier__penalty': 'l2', 'classifier__solver': 'sag'}",0.7206292313819196,0.7172441258462764,0.7168458781362007,0.706831308504282,0.7187811192989444,0.7114120693089027,0.7247560246962756,0.7090221071499702,0.726548496315475,0.72814180442143,0.7180212165059677,0.006926339314884318,72
1.3871347427368164,0.13737631691956617,0.002688097953796387,0.000809203574144056,"LogisticRegression(C=0.01, max_iter=100000, random_state=42, solver='saga')",0.001,100000,l2,saga,"{'classifier': LogisticRegression(C=0.01, max_iter=100000, random_state=42, solver='saga'), 'classifier__C': 0.001, 'classifier__max_iter': 100000, 'classifier__penalty': 'l2', 'classifier__solver': 'saga'}",0.7206292313819196,0.7172441258462764,0.7168458781362007,0.706831308504282,0.7187811192989444,0.7114120693089027,0.7247560246962756,0.7090221071499702,0.726548496315475,0.72814180442143,0.7180212165059677,0.006926339314884318,72
0.04742114543914795,0.007459902149205912,0.0,0.0,"LogisticRegression(C=0.01, max_iter=100000, random_state=42, solver='saga')",0.01,100000,l1,lbfgs,"{'classifier': LogisticRegression(C=0.01, max_iter=100000, random_state=42, solver='saga'), 'classifier__C': 0.01, 'classifier__max_iter': 100000, 'classifier__penalty': 'l1', 'classifier__solver': 'lbfgs'}",,,,,,,,,,,,,121
0.9238534212112427,0.19385314343244442,0.002700614929199219,0.0006402750167043655,"LogisticRegression(C=0.01, max_iter=100000, random_state=42, solver='saga')",0.01,100000,l1,liblinear,"{'classifier': LogisticRegression(C=0.01, max_iter=100000, random_state=42, solver='saga'), 'classifier__C': 0.01, 'classifier__max_iter': 100000, 'classifier__penalty': 'l1', 'classifier__solver': 'liblinear'}",0.7363600159299084,0.727200318598168,0.7291915571485464,0.7323242381995618,0.7359091814379606,0.7235610436168094,0.7402907787293368,0.7205735909181438,0.7396932881896037,0.741485759808803,0.7326589772576843,0.006932968303564283,69
0.03514895439147949,0.006766037925216511,0.0,0.0,"LogisticRegression(C=0.01, max_iter=100000, random_state=42, solver='saga')",0.01,100000,l1,newton-cg,"{'classifier': LogisticRegression(C=0.01, max_iter=100000, random_state=42, solver='saga'), 'classifier__C': 0.01, 'classifier__max_iter': 100000, 'classifier__penalty': 'l1', 'classifier__solver': 'newton-cg'}",,,,,,,,,,,,,124
0.03821866512298584,0.007631509456492054,0.0,0.0,"LogisticRegression(C=0.01, max_iter=100000, random_state=42, solver='saga')",0.01,100000,l1,newton-cholesky,"{'classifier': LogisticRegression(C=0.01, max_iter=100000, random_state=42, solver='saga'), 'classifier__C': 0.01, 'classifier__max_iter': 100000, 'classifier__penalty': 'l1', 'classifier__solver': 'newton-cholesky'}",,,,,,,,,,,,,131
0.04327328205108642,0.01265513271145711,0.0,0.0,"LogisticRegression(C=0.01, max_iter=100000, random_state=42, solver='saga')",0.01,100000,l1,sag,"{'classifier': LogisticRegression(C=0.01, max_iter=100000, random_state=42, solver='saga'), 'classifier__C': 0.01, 'classifier__max_iter': 100000, 'classifier__penalty': 'l1', 'classifier__solver': 'sag'}",,,,,,,,,,,,,129
5.2234937906265255,0.22003563984472868,0.00235288143157959,0.000807746861517577,"LogisticRegression(C=0.01, max_iter=100000, random_state=42, solver='saga')",0.01,100000,l1,saga,"{'classifier': LogisticRegression(C=0.01, max_iter=100000, random_state=42, solver='saga'), 'classifier__C': 0.01, 'classifier__max_iter': 100000, 'classifier__penalty': 'l1', 'classifier__solver': 'saga'}",0.7363600159299084,0.7268020708880923,0.7291915571485464,0.7323242381995618,0.7359091814379606,0.7233618801035651,0.7404899422425811,0.7205735909181438,0.7396932881896037,0.741485759808803,0.7326191524866766,0.007013517452539765,70
1.151288390159607,0.09263984191267181,0.002623105049133301,0.0006672490432804191,"LogisticRegression(C=0.01, max_iter=100000, random_state=42, solver='saga')",0.01,100000,l2,lbfgs,"{'classifier': LogisticRegression(C=0.01, max_iter=100000, random_state=42, solver='saga'), 'classifier__C': 0.01, 'classifier__max_iter': 100000, 'classifier__penalty': 'l2', 'classifier__solver': 'lbfgs'}",0.7477100756670649,0.7421346077260056,0.7433293508562325,0.7410874327823143,0.7466640111531567,0.7365066719776937,0.7514439354710217,0.7323242381995618,0.7566221868153754,0.7556263692491536,0.7453448879897581,0.007467024185872692,3
0.6071293354034424,0.029955693174813967,0.0033040761947631834,0.0011222391037836866,"LogisticRegression(C=0.01, max_iter=100000, random_state=42, solver='saga')",0.01,100000,l2,liblinear,"{'classifier': LogisticRegression(C=0.01, max_iter=100000, random_state=42, solver='saga'), 'classifier__C': 0.01, 'classifier__max_iter': 100000, 'classifier__penalty': 'l2', 'classifier__solver': 'liblinear'}",0.748705694942254,0.7423337315810434,0.7427319792911191,0.7408882692690699,0.7470623381796455,0.7369049990041824,0.7510456084445329,0.7323242381995618,0.755825532762398,0.755825532762398,0.7453647924436204,0.007368524901989566,2
2.897602009773254,0.14870047505539566,0.0031339168548583985,0.0007605515019553796,"LogisticRegression(C=0.01, max_iter=100000, random_state=42, solver='saga')",0.01,100000,l2,newton-cg,"{'classifier': LogisticRegression(C=0.01, max_iter=100000, random_state=42, solver='saga'), 'classifier__C': 0.01, 'classifier__max_iter': 100000, 'classifier__penalty': 'l2', 'classifier__solver': 'newton-cg'}",0.7477100756670649,0.7421346077260056,0.7433293508562325,0.7410874327823143,0.7466640111531567,0.7365066719776937,0.7514439354710217,0.7323242381995618,0.7566221868153754,0.7556263692491536,0.7453448879897581,0.007467024185872692,3
0.04598543643951416,0.013448778008751553,0.0,0.0,"LogisticRegression(C=0.01, max_iter=100000, random_state=42, solver='saga')",0.01,100000,l2,newton-cholesky,"{'classifier': LogisticRegression(C=0.01, max_iter=100000, random_state=42, solver='saga'), 'classifier__C': 0.01, 'classifier__max_iter': 100000, 'classifier__penalty': 'l2', 'classifier__solver': 'newton-cholesky'}",,,,,,,,,,,,,116
1.9890948057174682,0.20292838455497067,0.0026988983154296875,0.0004588844442067323,"LogisticRegression(C=0.01, max_iter=100000, random_state=42, solver='saga')",0.01,100000,l2,sag,"{'classifier': LogisticRegression(C=0.01, max_iter=100000, random_state=42, solver='saga'), 'classifier__C': 0.01, 'classifier__max_iter': 100000, 'classifier__penalty': 'l2', 'classifier__solver': 'sag'}",0.7477100756670649,0.7421346077260056,0.7433293508562325,0.7410874327823143,0.7466640111531567,0.7365066719776937,0.7514439354710217,0.7323242381995618,0.7566221868153754,0.7556263692491536,0.7453448879897581,0.007467024185872692,3
4.825434994697571,0.24483595465520974,0.002112674713134766,0.00047664845785979113,"LogisticRegression(C=0.01, max_iter=100000, random_state=42, solver='saga')",0.01,100000,l2,saga,"{'classifier': LogisticRegression(C=0.01, max_iter=100000, random_state=42, solver='saga'), 'classifier__C': 0.01, 'classifier__max_iter': 100000, 'classifier__penalty': 'l2', 'classifier__solver': 'saga'}",0.7479091995221028,0.7421346077260056,0.7433293508562325,0.7410874327823143,0.7466640111531567,0.7365066719776937,0.7514439354710217,0.7323242381995618,0.7566221868153754,0.7556263692491536,0.7453648003752619,0.007473567540198889,1
0.03313620090484619,0.007239283929114935,0.0,0.0,"LogisticRegression(C=0.01, max_iter=100000, random_state=42, solver='saga')",0.1,100000,l1,lbfgs,"{'classifier': LogisticRegression(C=0.01, max_iter=100000, random_state=42, solver='saga'), 'classifier__C': 0.1, 'classifier__max_iter': 100000, 'classifier__penalty': 'l1', 'classifier__solver': 'lbfgs'}",,,,,,,,,,,,,101
1.375928521156311,0.18489321340148168,0.0024303913116455076,0.0005471302861145958,"LogisticRegression(C=0.01, max_iter=100000, random_state=42, solver='saga')",0.1,100000,l1,liblinear,"{'classifier': LogisticRegression(C=0.01, max_iter=100000, random_state=42, solver='saga'), 'classifier__C': 0.1, 'classifier__max_iter': 100000, 'classifier__penalty': 'l1', 'classifier__solver': 'liblinear'}",0.7518916766228594,0.7393468737554759,0.7427319792911191,0.7371041625174268,0.7434773949412468,0.7325234017128062,0.7502489543915555,0.7337183827922724,0.7556263692491536,0.7556263692491536,0.7442295564523069,0.00824411950875218,6
0.03787596225738525,0.003804502971217167,0.0,0.0,"LogisticRegression(C=0.01, max_iter=100000, random_state=42, solver='saga')",0.1,100000,l1,newton-cg,"{'classifier': LogisticRegression(C=0.01, max_iter=100000, random_state=42, solver='saga'), 'classifier__C': 0.1, 'classifier__max_iter': 100000, 'classifier__penalty': 'l1', 'classifier__solver': 'newton-cg'}",,,,,,,,,,,,,106
0.033011865615844724,0.004507342747754996,0.0,0.0,"LogisticRegression(C=0.01, max_iter=100000, random_state=42, solver='saga')",0.1,100000,l1,newton-cholesky,"{'classifier': LogisticRegression(C=0.01, max_iter=100000, random_state=42, solver='saga'), 'classifier__C': 0.1, 'classifier__max_iter': 100000, 'classifier__penalty': 'l1', 'classifier__solver': 'newton-cholesky'}",,,,,,,,,,,,,107
0.03431522846221924,0.0028861237239113163,0.0,0.0,"LogisticRegression(C=0.01, max_iter=100000, random_state=42, solver='saga')",0.1,100000,l1,sag,"{'classifier': LogisticRegression(C=0.01, max_iter=100000, random_state=42, solver='saga'), 'classifier__C': 0.1, 'classifier__max_iter': 100000, 'classifier__penalty': 'l1', 'classifier__solver': 'sag'}",,,,,,,,,,,,,108
15.97175054550171,0.7973463291532812,0.002160978317260742,0.0005507091699189929,"LogisticRegression(C=0.01, max_iter=100000, random_state=42, solver='saga')",0.1,100000,l1,saga,"{'classifier': LogisticRegression(C=0.01, max_iter=100000, random_state=42, solver='saga'), 'classifier__C': 0.1, 'classifier__max_iter': 100000, 'classifier__penalty': 'l1', 'classifier__solver': 'saga'}",0.7518916766228594,0.7393468737554759,0.7425328554360813,0.7373033260306712,0.7434773949412468,0.7325234017128062,0.7502489543915555,0.7335192192790281,0.7556263692491536,0.7554272057359092,0.7441897277154788,0.008229235965630898,7
2.6956019401550293,0.2106584869783839,0.0025986433029174805,0.0004865929896679951,"LogisticRegression(C=0.01, max_iter=100000, random_state=42, solver='saga')",0.1,100000,l2,lbfgs,"{'classifier': LogisticRegression(C=0.01, max_iter=100000, random_state=42, solver='saga'), 'classifier__C': 0.1, 'classifier__max_iter': 100000, 'classifier__penalty': 'l2', 'classifier__solver': 'lbfgs'}",0.7500995619275189,0.7405416168857029,0.742931103146157,0.7373033260306712,0.744672376020713,0.732921728739295,0.7500497908783111,0.7325234017128062,0.7530372435769767,0.7572196773551085,0.744129982627326,0.00801815564686266,8
0.905110239982605,0.09326556902075664,0.0026521205902099608,0.0006354212419867244,"LogisticRegression(C=0.01, max_iter=100000, random_state=42, solver='saga')",0.1,100000,l2,liblinear,"{'classifier': LogisticRegression(C=0.01, max_iter=100000, random_state=42, solver='saga'), 'classifier__C': 0.1, 'classifier__max_iter': 100000, 'classifier__penalty': 'l2', 'classifier__solver': 'liblinear'}",0.7497013142174432,0.7403424930306651,0.7427319792911191,0.7375024895439155,0.744672376020713,0.732921728739295,0.7500497908783111,0.7323242381995618,0.7530372435769767,0.7570205138418642,0.7440304167339864,0.007981276382956625,12
4.24664192199707,0.29283866508014694,0.002700352668762207,0.0006388926330723577,"LogisticRegression(C=0.01, max_iter=100000, random_state=42, solver='saga')",0.1,100000,l2,newton-cg,"{'classifier': LogisticRegression(C=0.01, max_iter=100000, random_state=42, solver='saga'), 'classifier__C': 0.1, 'classifier__max_iter': 100000, 'classifier__penalty': 'l2', 'classifier__solver': 'newton-cg'}",0.7500995619275189,0.7405416168857029,0.7427319792911191,0.7373033260306712,0.744672376020713,0.732921728739295,0.7500497908783111,0.7325234017128062,0.7530372435769767,0.7572196773551085,0.7441100702418222,0.008021354848526953,9
0.03966503143310547,0.003027201006428827,0.0,0.0,"LogisticRegression(C=0.01, max_iter=100000, random_state=42, solver='saga')",0.1,100000,l2,newton-cholesky,"{'classifier': LogisticRegression(C=0.01, max_iter=100000, random_state=42, solver='saga'), 'classifier__C': 0.1, 'classifier__max_iter': 100000, 'classifier__penalty': 'l2', 'classifier__solver': 'newton-cholesky'}",,,,,,,,,,,,,110
6.072907614707947,0.23817852734341477,0.0021606922149658204,0.00044572945037632484,"LogisticRegression(C=0.01, max_iter=100000, random_state=42, solver='saga')",0.1,100000,l2,sag,"{'classifier': LogisticRegression(C=0.01, max_iter=100000, random_state=42, solver='saga'), 'classifier__C': 0.1, 'classifier__max_iter': 100000, 'classifier__penalty': 'l2', 'classifier__solver': 'sag'}",0.7500995619275189,0.7405416168857029,0.7427319792911191,0.7373033260306712,0.744672376020713,0.732921728739295,0.7500497908783111,0.7325234017128062,0.7530372435769767,0.7572196773551085,0.7441100702418222,0.008021354848526953,9
9.773373174667359,0.31155051865756206,0.002251076698303223,0.000402955528975878,"LogisticRegression(C=0.01, max_iter=100000, random_state=42, solver='saga')",0.1,100000,l2,saga,"{'classifier': LogisticRegression(C=0.01, max_iter=100000, random_state=42, solver='saga'), 'classifier__C': 0.1, 'classifier__max_iter': 100000, 'classifier__penalty': 'l2', 'classifier__solver': 'saga'}",0.7500995619275189,0.7405416168857029,0.7427319792911191,0.7373033260306712,0.744672376020713,0.732921728739295,0.7500497908783111,0.7325234017128062,0.7530372435769767,0.7572196773551085,0.7441100702418222,0.008021354848526953,9
0.03173935413360596,0.004918911159272113,0.0,0.0,"LogisticRegression(C=0.01, max_iter=100000, random_state=42, solver='saga')",1.0,100000,l1,lbfgs,"{'classifier': LogisticRegression(C=0.01, max_iter=100000, random_state=42, solver='saga'), 'classifier__C': 1.0, 'classifier__max_iter': 100000, 'classifier__penalty': 'l1', 'classifier__solver': 'lbfgs'}",,,,,,,,,,,,,111
5.014029932022095,0.31540658478448397,0.002724361419677734,0.0007365124453044562,"LogisticRegression(C=0.01, max_iter=100000, random_state=42, solver='saga')",1.0,100000,l1,liblinear,"{'classifier': LogisticRegression(C=0.01, max_iter=100000, random_state=42, solver='saga'), 'classifier__C': 1.0, 'classifier__max_iter': 100000, 'classifier__penalty': 'l1', 'classifier__solver': 'liblinear'}",0.7506969334926324,0.7375547590601355,0.7431302270011948,0.736705835490938,0.7442740489942242,0.732921728739295,0.7490539733120892,0.7325234017128062,0.7542322246564429,0.755825532762398,0.7436918665222156,0.008148630102829785,17
0.037318634986877444,0.004461439894876383,0.0,0.0,"LogisticRegression(C=0.01, max_iter=100000, random_state=42, solver='saga')",1.0,100000,l1,newton-cg,"{'classifier': LogisticRegression(C=0.01, max_iter=100000, random_state=42, solver='saga'), 'classifier__C': 1.0, 'classifier__max_iter': 100000, 'classifier__penalty': 'l1', 'classifier__solver': 'newton-cg'}",,,,,,,,,,,,,112
0.036064767837524415,0.005675795853041947,0.0,0.0,"LogisticRegression(C=0.01, max_iter=100000, random_state=42, solver='saga')",1.0,100000,l1,newton-cholesky,"{'classifier': LogisticRegression(C=0.01, max_iter=100000, random_state=42, solver='saga'), 'classifier__C': 1.0, 'classifier__max_iter': 100000, 'classifier__penalty': 'l1', 'classifier__solver': 'newton-cholesky'}",,,,,,,,,,,,,81
0.03744211196899414,0.0043073780565604704,0.0,0.0,"LogisticRegression(C=0.01, max_iter=100000, random_state=42, solver='saga')",1.0,100000,l1,sag,"{'classifier': LogisticRegression(C=0.01, max_iter=100000, random_state=42, solver='saga'), 'classifier__C': 1.0, 'classifier__max_iter': 100000, 'classifier__penalty': 'l1', 'classifier__solver': 'sag'}",,,,,,,,,,,,,119
62.72895622253418,2.369219820996446,0.0023204326629638673,0.0004131348234237489,"LogisticRegression(C=0.01, max_iter=100000, random_state=42, solver='saga')",1.0,100000,l1,saga,"{'classifier': LogisticRegression(C=0.01, max_iter=100000, random_state=42, solver='saga'), 'classifier__C': 1.0, 'classifier__max_iter': 100000, 'classifier__penalty': 'l1', 'classifier__solver': 'saga'}",0.7508960573476703,0.7377538829151732,0.7431302270011948,0.736705835490938,0.7442740489942242,0.7331208922525393,0.7490539733120892,0.7327225652260506,0.7542322246564429,0.755825532762398,0.743771523995872,0.008097554135517483,13
3.2200358867645265,0.5708661599783518,0.002450299263000488,0.0005698923844598693,"LogisticRegression(C=0.01, max_iter=100000, random_state=42, solver='saga')",1.0,100000,l2,lbfgs,"{'classifier': LogisticRegression(C=0.01, max_iter=100000, random_state=42, solver='saga'), 'classifier__C': 1.0, 'classifier__max_iter': 100000, 'classifier__penalty': 'l2', 'classifier__solver': 'lbfgs'}",0.7506969334926324,0.7373556352050976,0.7433293508562325,0.7369049990041824,0.7442740489942242,0.7323242381995618,0.7490539733120892,0.7323242381995618,0.7544313881696874,0.755825532762398,0.7436520338195667,0.008279469591120223,19
1.612830400466919,0.16004107510613264,0.003007388114929199,0.0007799093695845481,"LogisticRegression(C=0.01, max_iter=100000, random_state=42, solver='saga')",1.0,100000,l2,liblinear,"{'classifier': LogisticRegression(C=0.01, max_iter=100000, random_state=42, solver='saga'), 'classifier__C': 1.0, 'classifier__max_iter': 100000, 'classifier__penalty': 'l2', 'classifier__solver': 'liblinear'}",0.7506969334926324,0.7375547590601355,0.7431302270011948,0.7369049990041824,0.7444732125074687,0.7325234017128062,0.7490539733120892,0.7323242381995618,0.7544313881696874,0.755825532762398,0.7436918665222155,0.00824011840461291,18
5.991458225250244,0.515100809941137,0.0026010990142822264,0.0004909738325882749,"LogisticRegression(C=0.01, max_iter=100000, random_state=42, solver='saga')",1.0,100000,l2,newton-cg,"{'classifier': LogisticRegression(C=0.01, max_iter=100000, random_state=42, solver='saga'), 'classifier__C': 1.0, 'classifier__max_iter': 100000, 'classifier__penalty': 'l2', 'classifier__solver': 'newton-cg'}",0.7506969334926324,0.7375547590601355,0.7435284747112704,0.7369049990041824,0.7444732125074687,0.7325234017128062,0.7490539733120892,0.7323242381995618,0.7544313881696874,0.755825532762398,0.7437316912932233,0.008238269909567527,14
0.03944938182830811,0.005762236679452707,0.0,0.0,"LogisticRegression(C=0.01, max_iter=100000, random_state=42, solver='saga')",1.0,100000,l2,newton-cholesky,"{'classifier': LogisticRegression(C=0.01, max_iter=100000, random_state=42, solver='saga'), 'classifier__C': 1.0, 'classifier__max_iter': 100000, 'classifier__penalty': 'l2', 'classifier__solver': 'newton-cholesky'}",,,,,,,,,,,,,109
13.01721224784851,0.6678112361907657,0.001989269256591797,0.00040294211546978417,"LogisticRegression(C=0.01, max_iter=100000, random_state=42, solver='saga')",1.0,100000,l2,sag,"{'classifier': LogisticRegression(C=0.01, max_iter=100000, random_state=42, solver='saga'), 'classifier__C': 1.0, 'classifier__max_iter': 100000, 'classifier__penalty': 'l2', 'classifier__solver': 'sag'}",0.7506969334926324,0.7375547590601355,0.7435284747112704,0.7369049990041824,0.7444732125074687,0.7325234017128062,0.7490539733120892,0.7323242381995618,0.7544313881696874,0.755825532762398,0.7437316912932233,0.008238269909567527,14
24.40864806175232,1.5740767077031461,0.003113555908203125,0.002339607925565644,"LogisticRegression(C=0.01, max_iter=100000, random_state=42, solver='saga')",1.0,100000,l2,saga,"{'classifier': LogisticRegression(C=0.01, max_iter=100000, random_state=42, solver='saga'), 'classifier__C': 1.0, 'classifier__max_iter': 100000, 'classifier__penalty': 'l2', 'classifier__solver': 'saga'}",0.7506969334926324,0.7375547590601355,0.7435284747112704,0.7369049990041824,0.7444732125074687,0.7325234017128062,0.7490539733120892,0.7323242381995618,0.7544313881696874,0.755825532762398,0.7437316912932233,0.008238269909567527,14
0.030005431175231932,0.001947417479979537,0.0,0.0,"LogisticRegression(C=0.01, max_iter=100000, random_state=42, solver='saga')",10.0,100000,l1,lbfgs,"{'classifier': LogisticRegression(C=0.01, max_iter=100000, random_state=42, solver='saga'), 'classifier__C': 10.0, 'classifier__max_iter': 100000, 'classifier__penalty': 'l1', 'classifier__solver': 'lbfgs'}",,,,,,,,,,,,,113
4.934283518791199,0.3891441322855061,0.002353334426879883,0.00045006757328853656,"LogisticRegression(C=0.01, max_iter=100000, random_state=42, solver='saga')",10.0,100000,l1,liblinear,"{'classifier': LogisticRegression(C=0.01, max_iter=100000, random_state=42, solver='saga'), 'classifier__C': 10.0, 'classifier__max_iter': 100000, 'classifier__penalty': 'l1', 'classifier__solver': 'liblinear'}",0.7504978096375946,0.7369573874950219,0.7421346077260056,0.7359091814379606,0.7438757219677355,0.7325234017128062,0.7496514638518224,0.7321250746863175,0.7536347341167098,0.7552280422226648,0.7432537424854639,0.008238747679981138,24
0.036070394515991214,0.005044604185002851,0.0,0.0,"LogisticRegression(C=0.01, max_iter=100000, random_state=42, solver='saga')",10.0,100000,l1,newton-cg,"{'classifier': LogisticRegression(C=0.01, max_iter=100000, random_state=42, solver='saga'), 'classifier__C': 10.0, 'classifier__max_iter': 100000, 'classifier__penalty': 'l1', 'classifier__solver': 'newton-cg'}",,,,,,,,,,,,,104
0.03875689506530762,0.00567724512978051,0.0,0.0,"LogisticRegression(C=0.01, max_iter=100000, random_state=42, solver='saga')",10.0,100000,l1,newton-cholesky,"{'classifier': LogisticRegression(C=0.01, max_iter=100000, random_state=42, solver='saga'), 'classifier__C': 10.0, 'classifier__max_iter': 100000, 'classifier__penalty': 'l1', 'classifier__solver': 'newton-cholesky'}",,,,,,,,,,,,,103
0.036303138732910155,0.004213678504541724,0.0,0.0,"LogisticRegression(C=0.01, max_iter=100000, random_state=42, solver='saga')",10.0,100000,l1,sag,"{'classifier': LogisticRegression(C=0.01, max_iter=100000, random_state=42, solver='saga'), 'classifier__C': 10.0, 'classifier__max_iter': 100000, 'classifier__penalty': 'l1', 'classifier__solver': 'sag'}",,,,,,,,,,,,,102
126.91192152500153,2.270943865056465,0.0029004573822021484,0.00030092129577477013,"LogisticRegression(C=0.01, max_iter=100000, random_state=42, solver='saga')",10.0,100000,l1,saga,"{'classifier': LogisticRegression(C=0.01, max_iter=100000, random_state=42, solver='saga'), 'classifier__C': 10.0, 'classifier__max_iter': 100000, 'classifier__penalty': 'l1', 'classifier__solver': 'saga'}",0.7504978096375946,0.7369573874950219,0.7421346077260056,0.7359091814379606,0.7438757219677355,0.7327225652260506,0.7496514638518224,0.7321250746863175,0.7536347341167098,0.7552280422226648,0.7432736588367883,0.008212984525160557,20
4.454792475700378,0.8607416960835358,0.0027637481689453125,0.0005619741766647528,"LogisticRegression(C=0.01, max_iter=100000, random_state=42, solver='saga')",10.0,100000,l2,lbfgs,"{'classifier': LogisticRegression(C=0.01, max_iter=100000, random_state=42, solver='saga'), 'classifier__C': 10.0, 'classifier__max_iter': 100000, 'classifier__penalty': 'l2', 'classifier__solver': 'lbfgs'}",0.7504978096375946,0.7369573874950219,0.7423337315810434,0.7359091814379606,0.7438757219677355,0.7325234017128062,0.7496514638518224,0.7321250746863175,0.7536347341167098,0.7550288787094205,0.7432537385196432,0.008207518319776192,42
2.132382607460022,0.11158597132048069,0.003350567817687988,0.0007093849209623308,"LogisticRegression(C=0.01, max_iter=100000, random_state=42, solver='saga')",10.0,100000,l2,liblinear,"{'classifier': LogisticRegression(C=0.01, max_iter=100000, random_state=42, solver='saga'), 'classifier__C': 10.0, 'classifier__max_iter': 100000, 'classifier__penalty': 'l2', 'classifier__solver': 'liblinear'}",0.7502986857825568,0.7367582636399841,0.7423337315810434,0.7359091814379606,0.7438757219677355,0.7327225652260506,0.7496514638518224,0.7321250746863175,0.7536347341167098,0.7550288787094205,0.74323383009996,0.008179834732173505,43
7.915056157112121,0.5159349532635356,0.0028505802154541017,0.0006370556015443838,"LogisticRegression(C=0.01, max_iter=100000, random_state=42, solver='saga')",10.0,100000,l2,newton-cg,"{'classifier': LogisticRegression(C=0.01, max_iter=100000, random_state=42, solver='saga'), 'classifier__C': 10.0, 'classifier__max_iter': 100000, 'classifier__penalty': 'l2', 'classifier__solver': 'newton-cg'}",0.7502986857825568,0.7367582636399841,0.7423337315810434,0.7359091814379606,0.7438757219677355,0.7327225652260506,0.7496514638518224,0.7321250746863175,0.7536347341167098,0.7550288787094205,0.74323383009996,0.008179834732173505,43
0.04083397388458252,0.004531271013019734,0.0,0.0,"LogisticRegression(C=0.01, max_iter=100000, random_state=42, solver='saga')",10.0,100000,l2,newton-cholesky,"{'classifier': LogisticRegression(C=0.01, max_iter=100000, random_state=42, solver='saga'), 'classifier__C': 10.0, 'classifier__max_iter': 100000, 'classifier__penalty': 'l2', 'classifier__solver': 'newton-cholesky'}",,,,,,,,,,,,,100
40.478653526306154,1.397556901087813,0.00228271484375,0.00040966172293129135,"LogisticRegression(C=0.01, max_iter=100000, random_state=42, solver='saga')",10.0,100000,l2,sag,"{'classifier': LogisticRegression(C=0.01, max_iter=100000, random_state=42, solver='saga'), 'classifier__C': 10.0, 'classifier__max_iter': 100000, 'classifier__penalty': 'l2', 'classifier__solver': 'sag'}",0.7502986857825568,0.7367582636399841,0.7423337315810434,0.7359091814379606,0.7438757219677355,0.7327225652260506,0.7496514638518224,0.7321250746863175,0.7536347341167098,0.7550288787094205,0.74323383009996,0.008179834732173505,43
65.53603830337525,2.674879934336675,0.0024553537368774414,0.0004717020726094033,"LogisticRegression(C=0.01, max_iter=100000, random_state=42, solver='saga')",10.0,100000,l2,saga,"{'classifier': LogisticRegression(C=0.01, max_iter=100000, random_state=42, solver='saga'), 'classifier__C': 10.0, 'classifier__max_iter': 100000, 'classifier__penalty': 'l2', 'classifier__solver': 'saga'}",0.7502986857825568,0.7367582636399841,0.7423337315810434,0.7359091814379606,0.7438757219677355,0.7327225652260506,0.7496514638518224,0.7321250746863175,0.7536347341167098,0.7550288787094205,0.74323383009996,0.008179834732173505,43
0.034601688385009766,0.006571331257441965,0.0,0.0,"LogisticRegression(C=0.01, max_iter=100000, random_state=42, solver='saga')",100.0,100000,l1,lbfgs,"{'classifier': LogisticRegression(C=0.01, max_iter=100000, random_state=42, solver='saga'), 'classifier__C': 100.0, 'classifier__max_iter': 100000, 'classifier__penalty': 'l1', 'classifier__solver': 'lbfgs'}",,,,,,,,,,,,,99
1.2689430236816406,0.2556382990786302,0.003430962562561035,0.0019913059517239996,"LogisticRegression(C=0.01, max_iter=100000, random_state=42, solver='saga')",100.0,100000,l1,liblinear,"{'classifier': LogisticRegression(C=0.01, max_iter=100000, random_state=42, solver='saga'), 'classifier__C': 100.0, 'classifier__max_iter': 100000, 'classifier__penalty': 'l1', 'classifier__solver': 'liblinear'}",0.7504978096375946,0.7367582636399841,0.7421346077260056,0.7359091814379606,0.7436765584544911,0.7327225652260506,0.7496514638518224,0.731925911173073,0.7534355706034654,0.7552280422226648,0.7431939973973113,0.008229311307324865,63
0.035143709182739256,0.004160503182969031,0.0,0.0,"LogisticRegression(C=0.01, max_iter=100000, random_state=42, solver='saga')",100.0,100000,l1,newton-cg,"{'classifier': LogisticRegression(C=0.01, max_iter=100000, random_state=42, solver='saga'), 'classifier__C': 100.0, 'classifier__max_iter': 100000, 'classifier__penalty': 'l1', 'classifier__solver': 'newton-cg'}",,,,,,,,,,,,,105
0.034305357933044435,0.005004913724874789,0.0,0.0,"LogisticRegression(C=0.01, max_iter=100000, random_state=42, solver='saga')",100.0,100000,l1,newton-cholesky,"{'classifier': LogisticRegression(C=0.01, max_iter=100000, random_state=42, solver='saga'), 'classifier__C': 100.0, 'classifier__max_iter': 100000, 'classifier__penalty': 'l1', 'classifier__solver': 'newton-cholesky'}",,,,,,,,,,,,,115
0.03794219493865967,0.008507562437998032,0.0,0.0,"LogisticRegression(C=0.01, max_iter=100000, random_state=42, solver='saga')",100.0,100000,l1,sag,"{'classifier': LogisticRegression(C=0.01, max_iter=100000, random_state=42, solver='saga'), 'classifier__C': 100.0, 'classifier__max_iter': 100000, 'classifier__penalty': 'l1', 'classifier__solver': 'sag'}",,,,,,,,,,,,,123
173.69147548675537,3.1471886394396704,0.0025706768035888674,0.0007078622542992481,"LogisticRegression(C=0.01, max_iter=100000, random_state=42, solver='saga')",100.0,100000,l1,saga,"{'classifier': LogisticRegression(C=0.01, max_iter=100000, random_state=42, solver='saga'), 'classifier__C': 100.0, 'classifier__max_iter': 100000, 'classifier__penalty': 'l1', 'classifier__solver': 'saga'}",0.7504978096375946,0.7369573874950219,0.7421346077260056,0.7361083449512049,0.7438757219677355,0.7327225652260506,0.7496514638518224,0.7321250746863175,0.7536347341167098,0.7550288787094205,0.7432736588367883,0.008166487959605178,20
3.726755428314209,1.0393934260188662,0.0025279760360717774,0.0005090936064410742,"LogisticRegression(C=0.01, max_iter=100000, random_state=42, solver='saga')",100.0,100000,l2,lbfgs,"{'classifier': LogisticRegression(C=0.01, max_iter=100000, random_state=42, solver='saga'), 'classifier__C': 100.0, 'classifier__max_iter': 100000, 'classifier__penalty': 'l2', 'classifier__solver': 'lbfgs'}",0.7504978096375946,0.7367582636399841,0.7421346077260056,0.7359091814379606,0.7436765584544911,0.7325234017128062,0.7496514638518224,0.7321250746863175,0.7536347341167098,0.7552280422226648,0.7432139137486357,0.00825283493228165,60
2.565853404998779,0.23045286017751376,0.0032299041748046877,0.000657863324959856,"LogisticRegression(C=0.01, max_iter=100000, random_state=42, solver='saga')",100.0,100000,l2,liblinear,"{'classifier': LogisticRegression(C=0.01, max_iter=100000, random_state=42, solver='saga'), 'classifier__C': 100.0, 'classifier__max_iter': 100000, 'classifier__penalty': 'l2', 'classifier__solver': 'liblinear'}",0.7504978096375946,0.7369573874950219,0.7421346077260056,0.7361083449512049,0.7436765584544911,0.7327225652260506,0.7496514638518224,0.7321250746863175,0.7534355706034654,0.7550288787094205,0.7432338261341395,0.008140097096396275,47
9.893102407455444,0.6232393500959779,0.0028528928756713866,0.0005478707309156633,"LogisticRegression(C=0.01, max_iter=100000, random_state=42, solver='saga')",100.0,100000,l2,newton-cg,"{'classifier': LogisticRegression(C=0.01, max_iter=100000, random_state=42, solver='saga'), 'classifier__C': 100.0, 'classifier__max_iter': 100000, 'classifier__penalty': 'l2', 'classifier__solver': 'newton-cg'}",0.7504978096375946,0.7369573874950219,0.7421346077260056,0.7361083449512049,0.7436765584544911,0.7327225652260506,0.7496514638518224,0.7321250746863175,0.7534355706034654,0.7550288787094205,0.7432338261341395,0.008140097096396275,47
0.041562342643737794,0.002515815704324471,0.0,0.0,"LogisticRegression(C=0.01, max_iter=100000, random_state=42, solver='saga')",100.0,100000,l2,newton-cholesky,"{'classifier': LogisticRegression(C=0.01, max_iter=100000, random_state=42, solver='saga'), 'classifier__C': 100.0, 'classifier__max_iter': 100000, 'classifier__penalty': 'l2', 'classifier__solver': 'newton-cholesky'}",,,,,,,,,,,,,130
86.37554552555085,1.7424290370244262,0.002904319763183594,0.0004868300510124768,"LogisticRegression(C=0.01, max_iter=100000, random_state=42, solver='saga')",100.0,100000,l2,sag,"{'classifier': LogisticRegression(C=0.01, max_iter=100000, random_state=42, solver='saga'), 'classifier__C': 100.0, 'classifier__max_iter': 100000, 'classifier__penalty': 'l2', 'classifier__solver': 'sag'}",0.7504978096375946,0.7369573874950219,0.7421346077260056,0.7361083449512049,0.7436765584544911,0.7327225652260506,0.7496514638518224,0.7321250746863175,0.7536347341167098,0.7550288787094205,0.7432537424854638,0.00816523813138087,26
118.0832036972046,2.363700096098056,0.002854180335998535,0.0005518401332347397,"LogisticRegression(C=0.01, max_iter=100000, random_state=42, solver='saga')",100.0,100000,l2,saga,"{'classifier': LogisticRegression(C=0.01, max_iter=100000, random_state=42, solver='saga'), 'classifier__C': 100.0, 'classifier__max_iter': 100000, 'classifier__penalty': 'l2', 'classifier__solver': 'saga'}",0.7504978096375946,0.7369573874950219,0.7421346077260056,0.7361083449512049,0.7438757219677355,0.7327225652260506,0.7496514638518224,0.7321250746863175,0.7536347341167098,0.7550288787094205,0.7432736588367883,0.008166487959605178,20
0.02924163341522217,0.004064487266385967,0.0,0.0,"LogisticRegression(C=0.01, max_iter=100000, random_state=42, solver='saga')",1000.0,100000,l1,lbfgs,"{'classifier': LogisticRegression(C=0.01, max_iter=100000, random_state=42, solver='saga'), 'classifier__C': 1000.0, 'classifier__max_iter': 100000, 'classifier__penalty': 'l1', 'classifier__solver': 'lbfgs'}",,,,,,,,,,,,,128
1.1594110488891602,0.1623782909176421,0.002383732795715332,0.000898162694643909,"LogisticRegression(C=0.01, max_iter=100000, random_state=42, solver='saga')",1000.0,100000,l1,liblinear,"{'classifier': LogisticRegression(C=0.01, max_iter=100000, random_state=42, solver='saga'), 'classifier__C': 1000.0, 'classifier__max_iter': 100000, 'classifier__penalty': 'l1', 'classifier__solver': 'liblinear'}",0.7504978096375946,0.7367582636399841,0.7421346077260056,0.7359091814379606,0.7436765584544911,0.7327225652260506,0.7496514638518224,0.731925911173073,0.7534355706034654,0.7552280422226648,0.7431939973973113,0.008229311307324865,63
0.03293280601501465,0.00415285263460566,0.0,0.0,"LogisticRegression(C=0.01, max_iter=100000, random_state=42, solver='saga')",1000.0,100000,l1,newton-cg,"{'classifier': LogisticRegression(C=0.01, max_iter=100000, random_state=42, solver='saga'), 'classifier__C': 1000.0, 'classifier__max_iter': 100000, 'classifier__penalty': 'l1', 'classifier__solver': 'newton-cg'}",,,,,,,,,,,,,127
0.03553168773651123,0.0030511034790227662,0.0,0.0,"LogisticRegression(C=0.01, max_iter=100000, random_state=42, solver='saga')",1000.0,100000,l1,newton-cholesky,"{'classifier': LogisticRegression(C=0.01, max_iter=100000, random_state=42, solver='saga'), 'classifier__C': 1000.0, 'classifier__max_iter': 100000, 'classifier__penalty': 'l1', 'classifier__solver': 'newton-cholesky'}",,,,,,,,,,,,,126
0.033230018615722653,0.003590373549505085,0.0,0.0,"LogisticRegression(C=0.01, max_iter=100000, random_state=42, solver='saga')",1000.0,100000,l1,sag,"{'classifier': LogisticRegression(C=0.01, max_iter=100000, random_state=42, solver='saga'), 'classifier__C': 1000.0, 'classifier__max_iter': 100000, 'classifier__penalty': 'l1', 'classifier__solver': 'sag'}",,,,,,,,,,,,,125
185.1748253107071,5.06903914328946,0.0030157089233398436,0.0007577140183146195,"LogisticRegression(C=0.01, max_iter=100000, random_state=42, solver='saga')",1000.0,100000,l1,saga,"{'classifier': LogisticRegression(C=0.01, max_iter=100000, random_state=42, solver='saga'), 'classifier__C': 1000.0, 'classifier__max_iter': 100000, 'classifier__penalty': 'l1', 'classifier__solver': 'saga'}",0.7504978096375946,0.7369573874950219,0.7421346077260056,0.7361083449512049,0.7436765584544911,0.7327225652260506,0.7496514638518224,0.7321250746863175,0.7536347341167098,0.7550288787094205,0.7432537424854638,0.00816523813138087,26
3.614480996131897,0.6482452578982996,0.002351260185241699,0.000547293745270891,"LogisticRegression(C=0.01, max_iter=100000, random_state=42, solver='saga')",1000.0,100000,l2,lbfgs,"{'classifier': LogisticRegression(C=0.01, max_iter=100000, random_state=42, solver='saga'), 'classifier__C': 1000.0, 'classifier__max_iter': 100000, 'classifier__penalty': 'l2', 'classifier__solver': 'lbfgs'}",0.7504978096375946,0.7369573874950219,0.7421346077260056,0.7361083449512049,0.7438757219677355,0.7327225652260506,0.749452300338578,0.7321250746863175,0.7534355706034654,0.7552280422226648,0.7432537424854639,0.008155030110375024,24
2.6332786083221436,0.1492292697040356,0.002959752082824707,0.0005195585428124185,"LogisticRegression(C=0.01, max_iter=100000, random_state=42, solver='saga')",1000.0,100000,l2,liblinear,"{'classifier': LogisticRegression(C=0.01, max_iter=100000, random_state=42, solver='saga'), 'classifier__C': 1000.0, 'classifier__max_iter': 100000, 'classifier__penalty': 'l2', 'classifier__solver': 'liblinear'}",0.7504978096375946,0.7369573874950219,0.7421346077260056,0.7361083449512049,0.7436765584544911,0.7327225652260506,0.7496514638518224,0.7321250746863175,0.7534355706034654,0.7550288787094205,0.7432338261341395,0.008140097096396275,47
10.077911019325256,0.7864665559247576,0.002601027488708496,0.0006614274314324368,"LogisticRegression(C=0.01, max_iter=100000, random_state=42, solver='saga')",1000.0,100000,l2,newton-cg,"{'classifier': LogisticRegression(C=0.01, max_iter=100000, random_state=42, solver='saga'), 'classifier__C': 1000.0, 'classifier__max_iter': 100000, 'classifier__penalty': 'l2', 'classifier__solver': 'newton-cg'}",0.7504978096375946,0.7369573874950219,0.7421346077260056,0.7361083449512049,0.7436765584544911,0.7327225652260506,0.7496514638518224,0.7321250746863175,0.7534355706034654,0.7550288787094205,0.7432338261341395,0.008140097096396275,47
0.03979227542877197,0.002544583330161607,0.0,0.0,"LogisticRegression(C=0.01, max_iter=100000, random_state=42, solver='saga')",1000.0,100000,l2,newton-cholesky,"{'classifier': LogisticRegression(C=0.01, max_iter=100000, random_state=42, solver='saga'), 'classifier__C': 1000.0, 'classifier__max_iter': 100000, 'classifier__penalty': 'l2', 'classifier__solver': 'newton-cholesky'}",,,,,,,,,,,,,122
115.98077244758606,4.202770926917637,0.0031538486480712892,0.0005479393838314809,"LogisticRegression(C=0.01, max_iter=100000, random_state=42, solver='saga')",1000.0,100000,l2,sag,"{'classifier': LogisticRegression(C=0.01, max_iter=100000, random_state=42, solver='saga'), 'classifier__C': 1000.0, 'classifier__max_iter': 100000, 'classifier__penalty': 'l2', 'classifier__solver': 'sag'}",0.7504978096375946,0.7369573874950219,0.7421346077260056,0.7361083449512049,0.7436765584544911,0.7327225652260506,0.7496514638518224,0.7321250746863175,0.7536347341167098,0.7550288787094205,0.7432537424854638,0.00816523813138087,26
122.59629230499267,2.5582754191023267,0.0029724597930908202,0.0005981971771685152,"LogisticRegression(C=0.01, max_iter=100000, random_state=42, solver='saga')",1000.0,100000,l2,saga,"{'classifier': LogisticRegression(C=0.01, max_iter=100000, random_state=42, solver='saga'), 'classifier__C': 1000.0, 'classifier__max_iter': 100000, 'classifier__penalty': 'l2', 'classifier__solver': 'saga'}",0.7504978096375946,0.7369573874950219,0.7421346077260056,0.7361083449512049,0.7436765584544911,0.7327225652260506,0.7496514638518224,0.7321250746863175,0.7536347341167098,0.7550288787094205,0.7432537424854638,0.00816523813138087,26
0.04326786994934082,0.005376402283822111,0.0,0.0,"LogisticRegression(C=0.01, max_iter=100000, random_state=42, solver='saga')",10000.0,100000,l1,lbfgs,"{'classifier': LogisticRegression(C=0.01, max_iter=100000, random_state=42, solver='saga'), 'classifier__C': 10000.0, 'classifier__max_iter': 100000, 'classifier__penalty': 'l1', 'classifier__solver': 'lbfgs'}",,,,,,,,,,,,,120
1.4023999452590943,0.22427275890087175,0.0031682968139648436,0.0007104620016934228,"LogisticRegression(C=0.01, max_iter=100000, random_state=42, solver='saga')",10000.0,100000,l1,liblinear,"{'classifier': LogisticRegression(C=0.01, max_iter=100000, random_state=42, solver='saga'), 'classifier__C': 10000.0, 'classifier__max_iter': 100000, 'classifier__penalty': 'l1', 'classifier__solver': 'liblinear'}",0.7504978096375946,0.7367582636399841,0.7421346077260056,0.7359091814379606,0.7436765584544911,0.7327225652260506,0.7496514638518224,0.731925911173073,0.7534355706034654,0.7552280422226648,0.7431939973973113,0.008229311307324865,63
0.03320221900939942,0.00411839200647258,0.0,0.0,"LogisticRegression(C=0.01, max_iter=100000, random_state=42, solver='saga')",10000.0,100000,l1,newton-cg,"{'classifier': LogisticRegression(C=0.01, max_iter=100000, random_state=42, solver='saga'), 'classifier__C': 10000.0, 'classifier__max_iter': 100000, 'classifier__penalty': 'l1', 'classifier__solver': 'newton-cg'}",,,,,,,,,,,,,97
0.03271942138671875,0.0033589060800492346,0.0,0.0,"LogisticRegression(C=0.01, max_iter=100000, random_state=42, solver='saga')",10000.0,100000,l1,newton-cholesky,"{'classifier': LogisticRegression(C=0.01, max_iter=100000, random_state=42, solver='saga'), 'classifier__C': 10000.0, 'classifier__max_iter': 100000, 'classifier__penalty': 'l1', 'classifier__solver': 'newton-cholesky'}",,,,,,,,,,,,,118
0.03314273357391358,0.00286219887419078,0.0,0.0,"LogisticRegression(C=0.01, max_iter=100000, random_state=42, solver='saga')",10000.0,100000,l1,sag,"{'classifier': LogisticRegression(C=0.01, max_iter=100000, random_state=42, solver='saga'), 'classifier__C': 10000.0, 'classifier__max_iter': 100000, 'classifier__penalty': 'l1', 'classifier__solver': 'sag'}",,,,,,,,,,,,,117
180.60408613681793,4.527997263351564,0.003704214096069336,0.0010779319310934708,"LogisticRegression(C=0.01, max_iter=100000, random_state=42, solver='saga')",10000.0,100000,l1,saga,"{'classifier': LogisticRegression(C=0.01, max_iter=100000, random_state=42, solver='saga'), 'classifier__C': 10000.0, 'classifier__max_iter': 100000, 'classifier__penalty': 'l1', 'classifier__solver': 'saga'}",0.7504978096375946,0.7369573874950219,0.7421346077260056,0.7361083449512049,0.7436765584544911,0.7327225652260506,0.7496514638518224,0.7321250746863175,0.7536347341167098,0.7550288787094205,0.7432537424854638,0.00816523813138087,26
3.8051757335662844,0.6655226118455925,0.002089858055114746,0.00070146493346474,"LogisticRegression(C=0.01, max_iter=100000, random_state=42, solver='saga')",10000.0,100000,l2,lbfgs,"{'classifier': LogisticRegression(C=0.01, max_iter=100000, random_state=42, solver='saga'), 'classifier__C': 10000.0, 'classifier__max_iter': 100000, 'classifier__penalty': 'l2', 'classifier__solver': 'lbfgs'}",0.7504978096375946,0.7369573874950219,0.7423337315810434,0.7361083449512049,0.7438757219677355,0.7327225652260506,0.749452300338578,0.7321250746863175,0.7534355706034654,0.754829715196176,0.7432338221683188,0.008094778812778815,59
2.5302818536758425,0.23637015086387533,0.003152346611022949,0.0007700565085627726,"LogisticRegression(C=0.01, max_iter=100000, random_state=42, solver='saga')",10000.0,100000,l2,liblinear,"{'classifier': LogisticRegression(C=0.01, max_iter=100000, random_state=42, solver='saga'), 'classifier__C': 10000.0, 'classifier__max_iter': 100000, 'classifier__penalty': 'l2', 'classifier__solver': 'liblinear'}",0.7504978096375946,0.7369573874950219,0.7421346077260056,0.7361083449512049,0.7436765584544911,0.7327225652260506,0.7496514638518224,0.7321250746863175,0.7534355706034654,0.7550288787094205,0.7432338261341395,0.008140097096396275,47
10.67492344379425,0.5623183755038452,0.0029094934463500975,0.0007314116249840899,"LogisticRegression(C=0.01, max_iter=100000, random_state=42, solver='saga')",10000.0,100000,l2,newton-cg,"{'classifier': LogisticRegression(C=0.01, max_iter=100000, random_state=42, solver='saga'), 'classifier__C': 10000.0, 'classifier__max_iter': 100000, 'classifier__penalty': 'l2', 'classifier__solver': 'newton-cg'}",0.7504978096375946,0.7369573874950219,0.7421346077260056,0.7361083449512049,0.7436765584544911,0.7327225652260506,0.7496514638518224,0.7321250746863175,0.7534355706034654,0.7550288787094205,0.7432338261341395,0.008140097096396275,47
0.04509148597717285,0.0064693222910306965,0.0,0.0,"LogisticRegression(C=0.01, max_iter=100000, random_state=42, solver='saga')",10000.0,100000,l2,newton-cholesky,"{'classifier': LogisticRegression(C=0.01, max_iter=100000, random_state=42, solver='saga'), 'classifier__C': 10000.0, 'classifier__max_iter': 100000, 'classifier__penalty': 'l2', 'classifier__solver': 'newton-cholesky'}",,,,,,,,,,,,,98
116.57167978286743,1.2767012904963628,0.002454710006713867,0.0004731894182114916,"LogisticRegression(C=0.01, max_iter=100000, random_state=42, solver='saga')",10000.0,100000,l2,sag,"{'classifier': LogisticRegression(C=0.01, max_iter=100000, random_state=42, solver='saga'), 'classifier__C': 10000.0, 'classifier__max_iter': 100000, 'classifier__penalty': 'l2', 'classifier__solver': 'sag'}",0.7504978096375946,0.7369573874950219,0.7421346077260056,0.7361083449512049,0.7436765584544911,0.7327225652260506,0.7496514638518224,0.7321250746863175,0.7536347341167098,0.7550288787094205,0.7432537424854638,0.00816523813138087,26
131.34745573997498,2.9179356922202686,0.002606034278869629,0.0004343832655243264,"LogisticRegression(C=0.01, max_iter=100000, random_state=42, solver='saga')",10000.0,100000,l2,saga,"{'classifier': LogisticRegression(C=0.01, max_iter=100000, random_state=42, solver='saga'), 'classifier__C': 10000.0, 'classifier__max_iter': 100000, 'classifier__penalty': 'l2', 'classifier__solver': 'saga'}",0.7504978096375946,0.7369573874950219,0.7421346077260056,0.7361083449512049,0.7436765584544911,0.7327225652260506,0.7496514638518224,0.7321250746863175,0.7536347341167098,0.7550288787094205,0.7432537424854638,0.00816523813138087,26
0.03234970569610596,0.003659726107547533,0.0,0.0,"LogisticRegression(C=0.01, max_iter=100000, random_state=42, solver='saga')",100000.0,100000,l1,lbfgs,"{'classifier': LogisticRegression(C=0.01, max_iter=100000, random_state=42, solver='saga'), 'classifier__C': 100000.0, 'classifier__max_iter': 100000, 'classifier__penalty': 'l1', 'classifier__solver': 'lbfgs'}",,,,,,,,,,,,,96
1.3314008951187133,0.24188505560526807,0.002806234359741211,0.0007187994416607418,"LogisticRegression(C=0.01, max_iter=100000, random_state=42, solver='saga')",100000.0,100000,l1,liblinear,"{'classifier': LogisticRegression(C=0.01, max_iter=100000, random_state=42, solver='saga'), 'classifier__C': 100000.0, 'classifier__max_iter': 100000, 'classifier__penalty': 'l1', 'classifier__solver': 'liblinear'}",0.7504978096375946,0.7367582636399841,0.7421346077260056,0.7359091814379606,0.7436765584544911,0.7327225652260506,0.7496514638518224,0.731925911173073,0.7534355706034654,0.7552280422226648,0.7431939973973113,0.008229311307324865,63
0.035304832458496097,0.004735160278935562,0.0,0.0,"LogisticRegression(C=0.01, max_iter=100000, random_state=42, solver='saga')",100000.0,100000,l1,newton-cg,"{'classifier': LogisticRegression(C=0.01, max_iter=100000, random_state=42, solver='saga'), 'classifier__C': 100000.0, 'classifier__max_iter': 100000, 'classifier__penalty': 'l1', 'classifier__solver': 'newton-cg'}",,,,,,,,,,,,,79
0.03494875431060791,0.005704434320741211,0.0,0.0,"LogisticRegression(C=0.01, max_iter=100000, random_state=42, solver='saga')",100000.0,100000,l1,newton-cholesky,"{'classifier': LogisticRegression(C=0.01, max_iter=100000, random_state=42, solver='saga'), 'classifier__C': 100000.0, 'classifier__max_iter': 100000, 'classifier__penalty': 'l1', 'classifier__solver': 'newton-cholesky'}",,,,,,,,,,,,,78
0.04244511127471924,0.007570541016453099,0.0,0.0,"LogisticRegression(C=0.01, max_iter=100000, random_state=42, solver='saga')",100000.0,100000,l1,sag,"{'classifier': LogisticRegression(C=0.01, max_iter=100000, random_state=42, solver='saga'), 'classifier__C': 100000.0, 'classifier__max_iter': 100000, 'classifier__penalty': 'l1', 'classifier__solver': 'sag'}",,,,,,,,,,,,,80
191.4469447851181,3.0859033792852326,0.002761054039001465,0.0014976049043042951,"LogisticRegression(C=0.01, max_iter=100000, random_state=42, solver='saga')",100000.0,100000,l1,saga,"{'classifier': LogisticRegression(C=0.01, max_iter=100000, random_state=42, solver='saga'), 'classifier__C': 100000.0, 'classifier__max_iter': 100000, 'classifier__penalty': 'l1', 'classifier__solver': 'saga'}",0.7504978096375946,0.7369573874950219,0.7421346077260056,0.7361083449512049,0.7436765584544911,0.7327225652260506,0.7496514638518224,0.7321250746863175,0.7536347341167098,0.7550288787094205,0.7432537424854638,0.00816523813138087,26
3.792110276222229,0.6877605065278343,0.002152109146118164,0.0007111814264278093,"LogisticRegression(C=0.01, max_iter=100000, random_state=42, solver='saga')",100000.0,100000,l2,lbfgs,"{'classifier': LogisticRegression(C=0.01, max_iter=100000, random_state=42, solver='saga'), 'classifier__C': 100000.0, 'classifier__max_iter': 100000, 'classifier__penalty': 'l2', 'classifier__solver': 'lbfgs'}",0.7504978096375946,0.7371565113500598,0.7421346077260056,0.7361083449512049,0.7436765584544911,0.7325234017128062,0.7496514638518224,0.7321250746863175,0.7534355706034654,0.754829715196176,0.7432139058169944,0.008122289550884142,62
2.3401431322097777,0.19034783354144322,0.0033721208572387697,0.0014703412913184772,"LogisticRegression(C=0.01, max_iter=100000, random_state=42, solver='saga')",100000.0,100000,l2,liblinear,"{'classifier': LogisticRegression(C=0.01, max_iter=100000, random_state=42, solver='saga'), 'classifier__C': 100000.0, 'classifier__max_iter': 100000, 'classifier__penalty': 'l2', 'classifier__solver': 'liblinear'}",0.7504978096375946,0.7369573874950219,0.7421346077260056,0.7361083449512049,0.7436765584544911,0.7327225652260506,0.7496514638518224,0.7321250746863175,0.7534355706034654,0.7550288787094205,0.7432338261341395,0.008140097096396275,47
10.210616374015808,1.2590188087524308,0.0025231122970581056,0.0004611056253918217,"LogisticRegression(C=0.01, max_iter=100000, random_state=42, solver='saga')",100000.0,100000,l2,newton-cg,"{'classifier': LogisticRegression(C=0.01, max_iter=100000, random_state=42, solver='saga'), 'classifier__C': 100000.0, 'classifier__max_iter': 100000, 'classifier__penalty': 'l2', 'classifier__solver': 'newton-cg'}",0.7504978096375946,0.7369573874950219,0.7421346077260056,0.7361083449512049,0.7436765584544911,0.7327225652260506,0.7496514638518224,0.7321250746863175,0.7534355706034654,0.7550288787094205,0.7432338261341395,0.008140097096396275,47
0.04286236763000488,0.007400638346981789,0.0,0.0,"LogisticRegression(C=0.01, max_iter=100000, random_state=42, solver='saga')",100000.0,100000,l2,newton-cholesky,"{'classifier': LogisticRegression(C=0.01, max_iter=100000, random_state=42, solver='saga'), 'classifier__C': 100000.0, 'classifier__max_iter': 100000, 'classifier__penalty': 'l2', 'classifier__solver': 'newton-cholesky'}",,,,,,,,,,,,,95
117.99496958255767,3.9495147025466886,0.0023473501205444336,0.0006403317839180891,"LogisticRegression(C=0.01, max_iter=100000, random_state=42, solver='saga')",100000.0,100000,l2,sag,"{'classifier': LogisticRegression(C=0.01, max_iter=100000, random_state=42, solver='saga'), 'classifier__C': 100000.0, 'classifier__max_iter': 100000, 'classifier__penalty': 'l2', 'classifier__solver': 'sag'}",0.7504978096375946,0.7369573874950219,0.7421346077260056,0.7361083449512049,0.7436765584544911,0.7327225652260506,0.7496514638518224,0.7321250746863175,0.7536347341167098,0.7550288787094205,0.7432537424854638,0.00816523813138087,26
132.0126670360565,3.36207572607301,0.00372772216796875,0.0013069146742822105,"LogisticRegression(C=0.01, max_iter=100000, random_state=42, solver='saga')",100000.0,100000,l2,saga,"{'classifier': LogisticRegression(C=0.01, max_iter=100000, random_state=42, solver='saga'), 'classifier__C': 100000.0, 'classifier__max_iter': 100000, 'classifier__penalty': 'l2', 'classifier__solver': 'saga'}",0.7504978096375946,0.7369573874950219,0.7421346077260056,0.7361083449512049,0.7436765584544911,0.7327225652260506,0.7496514638518224,0.7321250746863175,0.7536347341167098,0.7550288787094205,0.7432537424854638,0.00816523813138087,26
0.03321239948272705,0.005251187153946838,0.0,0.0,"LogisticRegression(C=0.01, max_iter=100000, random_state=42, solver='saga')",1000000.0,100000,l1,lbfgs,"{'classifier': LogisticRegression(C=0.01, max_iter=100000, random_state=42, solver='saga'), 'classifier__C': 1000000.0, 'classifier__max_iter': 100000, 'classifier__penalty': 'l1', 'classifier__solver': 'lbfgs'}",,,,,,,,,,,,,82
1.3070730447769165,0.20598940986579423,0.0022897958755493165,0.00039520864388349316,"LogisticRegression(C=0.01, max_iter=100000, random_state=42, solver='saga')",1000000.0,100000,l1,liblinear,"{'classifier': LogisticRegression(C=0.01, max_iter=100000, random_state=42, solver='saga'), 'classifier__C': 1000000.0, 'classifier__max_iter': 100000, 'classifier__penalty': 'l1', 'classifier__solver': 'liblinear'}",0.7504978096375946,0.7367582636399841,0.7421346077260056,0.7359091814379606,0.7436765584544911,0.7327225652260506,0.7496514638518224,0.731925911173073,0.7534355706034654,0.7552280422226648,0.7431939973973113,0.008229311307324865,63
0.03666799068450928,0.0038594724674999165,0.0,0.0,"LogisticRegression(C=0.01, max_iter=100000, random_state=42, solver='saga')",1000000.0,100000,l1,newton-cg,"{'classifier': LogisticRegression(C=0.01, max_iter=100000, random_state=42, solver='saga'), 'classifier__C': 1000000.0, 'classifier__max_iter': 100000, 'classifier__penalty': 'l1', 'classifier__solver': 'newton-cg'}",,,,,,,,,,,,,83
0.03782110214233399,0.005795113019759149,0.0,0.0,"LogisticRegression(C=0.01, max_iter=100000, random_state=42, solver='saga')",1000000.0,100000,l1,newton-cholesky,"{'classifier': LogisticRegression(C=0.01, max_iter=100000, random_state=42, solver='saga'), 'classifier__C': 1000000.0, 'classifier__max_iter': 100000, 'classifier__penalty': 'l1', 'classifier__solver': 'newton-cholesky'}",,,,,,,,,,,,,84
0.03707289695739746,0.004234675399233145,0.0,0.0,"LogisticRegression(C=0.01, max_iter=100000, random_state=42, solver='saga')",1000000.0,100000,l1,sag,"{'classifier': LogisticRegression(C=0.01, max_iter=100000, random_state=42, solver='saga'), 'classifier__C': 1000000.0, 'classifier__max_iter': 100000, 'classifier__penalty': 'l1', 'classifier__solver': 'sag'}",,,,,,,,,,,,,85
186.00741732120514,2.036343212657749,0.002455329895019531,0.00047095425123987595,"LogisticRegression(C=0.01, max_iter=100000, random_state=42, solver='saga')",1000000.0,100000,l1,saga,"{'classifier': LogisticRegression(C=0.01, max_iter=100000, random_state=42, solver='saga'), 'classifier__C': 1000000.0, 'classifier__max_iter': 100000, 'classifier__penalty': 'l1', 'classifier__solver': 'saga'}",0.7504978096375946,0.7369573874950219,0.7421346077260056,0.7361083449512049,0.7436765584544911,0.7327225652260506,0.7496514638518224,0.7321250746863175,0.7536347341167098,0.7550288787094205,0.7432537424854638,0.00816523813138087,26
4.6251771450042725,0.6917522274727949,0.003154301643371582,0.00044805545583290435,"LogisticRegression(C=0.01, max_iter=100000, random_state=42, solver='saga')",1000000.0,100000,l2,lbfgs,"{'classifier': LogisticRegression(C=0.01, max_iter=100000, random_state=42, solver='saga'), 'classifier__C': 1000000.0, 'classifier__max_iter': 100000, 'classifier__penalty': 'l2', 'classifier__solver': 'lbfgs'}",0.7504978096375946,0.7369573874950219,0.7421346077260056,0.7361083449512049,0.7436765584544911,0.7327225652260506,0.7496514638518224,0.7321250746863175,0.7534355706034654,0.754829715196176,0.743213909782815,0.008111406898081899,61
2.768772840499878,0.2667825968344966,0.0035547733306884764,0.0006516702554662329,"LogisticRegression(C=0.01, max_iter=100000, random_state=42, solver='saga')",1000000.0,100000,l2,liblinear,"{'classifier': LogisticRegression(C=0.01, max_iter=100000, random_state=42, solver='saga'), 'classifier__C': 1000000.0, 'classifier__max_iter': 100000, 'classifier__penalty': 'l2', 'classifier__solver': 'liblinear'}",0.7504978096375946,0.7369573874950219,0.7421346077260056,0.7361083449512049,0.7436765584544911,0.7327225652260506,0.7496514638518224,0.7321250746863175,0.7534355706034654,0.7550288787094205,0.7432338261341395,0.008140097096396275,47
12.689702367782592,0.9084480200828923,0.003314566612243652,0.0011922306365068148,"LogisticRegression(C=0.01, max_iter=100000, random_state=42, solver='saga')",1000000.0,100000,l2,newton-cg,"{'classifier': LogisticRegression(C=0.01, max_iter=100000, random_state=42, solver='saga'), 'classifier__C': 1000000.0, 'classifier__max_iter': 100000, 'classifier__penalty': 'l2', 'classifier__solver': 'newton-cg'}",0.7504978096375946,0.7369573874950219,0.7421346077260056,0.7361083449512049,0.7436765584544911,0.7327225652260506,0.7496514638518224,0.7321250746863175,0.7534355706034654,0.7550288787094205,0.7432338261341395,0.008140097096396275,47
0.05271790027618408,0.004688271337504835,0.0,0.0,"LogisticRegression(C=0.01, max_iter=100000, random_state=42, solver='saga')",1000000.0,100000,l2,newton-cholesky,"{'classifier': LogisticRegression(C=0.01, max_iter=100000, random_state=42, solver='saga'), 'classifier__C': 1000000.0, 'classifier__max_iter': 100000, 'classifier__penalty': 'l2', 'classifier__solver': 'newton-cholesky'}",,,,,,,,,,,,,86
101.198308801651,1.2653284718714977,0.0037004232406616213,0.0025244282262238435,"LogisticRegression(C=0.01, max_iter=100000, random_state=42, solver='saga')",1000000.0,100000,l2,sag,"{'classifier': LogisticRegression(C=0.01, max_iter=100000, random_state=42, solver='saga'), 'classifier__C': 1000000.0, 'classifier__max_iter': 100000, 'classifier__penalty': 'l2', 'classifier__solver': 'sag'}",0.7504978096375946,0.7369573874950219,0.7421346077260056,0.7361083449512049,0.7436765584544911,0.7327225652260506,0.7496514638518224,0.7321250746863175,0.7536347341167098,0.7550288787094205,0.7432537424854638,0.00816523813138087,26
128.04201056957245,4.307747528451605,0.0026567459106445314,0.0007834110308444262,"LogisticRegression(C=0.01, max_iter=100000, random_state=42, solver='saga')",1000000.0,100000,l2,saga,"{'classifier': LogisticRegression(C=0.01, max_iter=100000, random_state=42, solver='saga'), 'classifier__C': 1000000.0, 'classifier__max_iter': 100000, 'classifier__penalty': 'l2', 'classifier__solver': 'saga'}",0.7504978096375946,0.7369573874950219,0.7421346077260056,0.7361083449512049,0.7436765584544911,0.7327225652260506,0.7496514638518224,0.7321250746863175,0.7536347341167098,0.7550288787094205,0.7432537424854638,0.00816523813138087,26
0.033363747596740725,0.0043626950416854665,0.0,0.0,"LogisticRegression(C=0.01, max_iter=100000, random_state=42, solver='saga')",10000000.0,100000,l1,lbfgs,"{'classifier': LogisticRegression(C=0.01, max_iter=100000, random_state=42, solver='saga'), 'classifier__C': 10000000.0, 'classifier__max_iter': 100000, 'classifier__penalty': 'l1', 'classifier__solver': 'lbfgs'}",,,,,,,,,,,,,89
1.3444066524505616,0.2553097538518371,0.0024846792221069336,0.0007956161964444118,"LogisticRegression(C=0.01, max_iter=100000, random_state=42, solver='saga')",10000000.0,100000,l1,liblinear,"{'classifier': LogisticRegression(C=0.01, max_iter=100000, random_state=42, solver='saga'), 'classifier__C': 10000000.0, 'classifier__max_iter': 100000, 'classifier__penalty': 'l1', 'classifier__solver': 'liblinear'}",0.7504978096375946,0.7367582636399841,0.7421346077260056,0.7359091814379606,0.7436765584544911,0.7327225652260506,0.7496514638518224,0.731925911173073,0.7534355706034654,0.7552280422226648,0.7431939973973113,0.008229311307324865,63
0.03723044395446777,0.004436513439144955,0.0,0.0,"LogisticRegression(C=0.01, max_iter=100000, random_state=42, solver='saga')",10000000.0,100000,l1,newton-cg,"{'classifier': LogisticRegression(C=0.01, max_iter=100000, random_state=42, solver='saga'), 'classifier__C': 10000000.0, 'classifier__max_iter': 100000, 'classifier__penalty': 'l1', 'classifier__solver': 'newton-cg'}",,,,,,,,,,,,,90
0.03498873710632324,0.003413914527229531,0.0,0.0,"LogisticRegression(C=0.01, max_iter=100000, random_state=42, solver='saga')",10000000.0,100000,l1,newton-cholesky,"{'classifier': LogisticRegression(C=0.01, max_iter=100000, random_state=42, solver='saga'), 'classifier__C': 10000000.0, 'classifier__max_iter': 100000, 'classifier__penalty': 'l1', 'classifier__solver': 'newton-cholesky'}",,,,,,,,,,,,,91
0.035811972618103025,0.005218871310682683,0.0,0.0,"LogisticRegression(C=0.01, max_iter=100000, random_state=42, solver='saga')",10000000.0,100000,l1,sag,"{'classifier': LogisticRegression(C=0.01, max_iter=100000, random_state=42, solver='saga'), 'classifier__C': 10000000.0, 'classifier__max_iter': 100000, 'classifier__penalty': 'l1', 'classifier__solver': 'sag'}",,,,,,,,,,,,,92
192.30872936248778,4.271763567503488,0.002325916290283203,0.0005699298486190264,"LogisticRegression(C=0.01, max_iter=100000, random_state=42, solver='saga')",10000000.0,100000,l1,saga,"{'classifier': LogisticRegression(C=0.01, max_iter=100000, random_state=42, solver='saga'), 'classifier__C': 10000000.0, 'classifier__max_iter': 100000, 'classifier__penalty': 'l1', 'classifier__solver': 'saga'}",0.7504978096375946,0.7369573874950219,0.7421346077260056,0.7361083449512049,0.7436765584544911,0.7327225652260506,0.7496514638518224,0.7321250746863175,0.7536347341167098,0.7550288787094205,0.7432537424854638,0.00816523813138087,26
5.147253561019897,1.6045880768978316,0.004220342636108399,0.0030842532027911614,"LogisticRegression(C=0.01, max_iter=100000, random_state=42, solver='saga')",10000000.0,100000,l2,lbfgs,"{'classifier': LogisticRegression(C=0.01, max_iter=100000, random_state=42, solver='saga'), 'classifier__C': 10000000.0, 'classifier__max_iter': 100000, 'classifier__penalty': 'l2', 'classifier__solver': 'lbfgs'}",0.7504978096375946,0.7371565113500598,0.7421346077260056,0.7361083449512049,0.7436765584544911,0.7327225652260506,0.7496514638518224,0.7321250746863175,0.7534355706034654,0.7552280422226648,0.7432736548709677,0.008153980447754339,23
2.7773678064346314,1.290012125628166,0.0034667491912841798,0.0025359275068083473,"LogisticRegression(C=0.01, max_iter=100000, random_state=42, solver='saga')",10000000.0,100000,l2,liblinear,"{'classifier': LogisticRegression(C=0.01, max_iter=100000, random_state=42, solver='saga'), 'classifier__C': 10000000.0, 'classifier__max_iter': 100000, 'classifier__penalty': 'l2', 'classifier__solver': 'liblinear'}",0.7504978096375946,0.7369573874950219,0.7421346077260056,0.7361083449512049,0.7436765584544911,0.7327225652260506,0.7496514638518224,0.7321250746863175,0.7534355706034654,0.7550288787094205,0.7432338261341395,0.008140097096396275,47
11.565316867828368,1.2776052765972943,0.0026154518127441406,0.0006460503514819115,"LogisticRegression(C=0.01, max_iter=100000, random_state=42, solver='saga')",10000000.0,100000,l2,newton-cg,"{'classifier': LogisticRegression(C=0.01, max_iter=100000, random_state=42, solver='saga'), 'classifier__C': 10000000.0, 'classifier__max_iter': 100000, 'classifier__penalty': 'l2', 'classifier__solver': 'newton-cg'}",0.7504978096375946,0.7369573874950219,0.7421346077260056,0.7361083449512049,0.7436765584544911,0.7327225652260506,0.7496514638518224,0.7321250746863175,0.7534355706034654,0.7550288787094205,0.7432338261341395,0.008140097096396275,47
0.04604372978210449,0.00674746625324415,0.0,0.0,"LogisticRegression(C=0.01, max_iter=100000, random_state=42, solver='saga')",10000000.0,100000,l2,newton-cholesky,"{'classifier': LogisticRegression(C=0.01, max_iter=100000, random_state=42, solver='saga'), 'classifier__C': 10000000.0, 'classifier__max_iter': 100000, 'classifier__penalty': 'l2', 'classifier__solver': 'newton-cholesky'}",,,,,,,,,,,,,94
112.46536378860473,2.9932873997943226,0.001909494400024414,0.00037335789214664735,"LogisticRegression(C=0.01, max_iter=100000, random_state=42, solver='saga')",10000000.0,100000,l2,sag,"{'classifier': LogisticRegression(C=0.01, max_iter=100000, random_state=42, solver='saga'), 'classifier__C': 10000000.0, 'classifier__max_iter': 100000, 'classifier__penalty': 'l2', 'classifier__solver': 'sag'}",0.7504978096375946,0.7369573874950219,0.7421346077260056,0.7361083449512049,0.7436765584544911,0.7327225652260506,0.7496514638518224,0.7321250746863175,0.7536347341167098,0.7550288787094205,0.7432537424854638,0.00816523813138087,26
80.93187499046326,2.0256139908820545,0.0015752553939819337,0.0006582658599537608,"LogisticRegression(C=0.01, max_iter=100000, random_state=42, solver='saga')",10000000.0,100000,l2,saga,"{'classifier': LogisticRegression(C=0.01, max_iter=100000, random_state=42, solver='saga'), 'classifier__C': 10000000.0, 'classifier__max_iter': 100000, 'classifier__penalty': 'l2', 'classifier__solver': 'saga'}",0.7504978096375946,0.7369573874950219,0.7421346077260056,0.7361083449512049,0.7436765584544911,0.7327225652260506,0.7496514638518224,0.7321250746863175,0.7536347341167098,0.7550288787094205,0.7432537424854638,0.00816523813138087,26
